Date,Open,High,Low,Close,Volume,Adjusted,AssetSymbol,DataSource
2015-02-17,127.489998,128.880005,126.919998,127.830002,63152400,122.905254,AAPL,https://raw.githubusercontent.com/plotly/datasets/master/finance-charts-apple.csv
2015-02-18,127.629997,128.779999,127.449997,128.720001,44891700,123.760965,AAPL,https://raw.githubusercontent.com/plotly/datasets/master/finance-charts-apple.csv
2015-02-19,128.479996,129.029999,128.330002,128.449997,37362400,123.501363,AAPL,https://raw.githubusercontent.com/plotly/datasets/master/finance-charts-apple.csv
2015-02-20,128.619995,129.5,128.050003,129.5,48948400,124.510914,AAPL,https://raw.githubusercontent.com/plotly/datasets/master/finance-charts-apple.csv
2015-02-23,130.020004,133.0,129.660004,133.0,70974100,127.876074,AAPL,https://raw.githubusercontent.com/plotly/datasets/master/finance-charts-apple.csv
2015-02-24,132.940002,133.600006,131.169998,132.169998,69228100,127.078049,AAPL,https://raw.githubusercontent.com/plotly/datasets/master/finance-charts-apple.csv
2015-02-25,131.559998,131.600006,128.149994,128.789993,74711700,123.828261,AAPL,https://raw.githubusercontent.com/plotly/datasets/master/finance-charts-apple.csv
2015-02-26,128.789993,130.869995,126.610001,130.419998,91287500,125.395469,AAPL,https://raw.githubusercontent.com/plotly/datasets/master/finance-charts-apple.csv
2015-02-27,130.0,130.570007,128.240005,128.460007,62014800,123.510987,AAPL,https://raw.githubusercontent.com/plotly/datasets/master/finance-charts-apple.csv
2015-03-02,129.25,130.279999,128.300003,129.089996,48096700,124.116706,AAPL,https://raw.githubusercontent.com/plotly/datasets/master/finance-charts-apple.csv
2015-03-03,128.960007,129.520004,128.089996,129.360001,37816300,124.376308,AAPL,https://raw.githubusercontent.com/plotly/datasets/master/finance-charts-apple.csv
2015-03-04,129.100006,129.559998,128.320007,128.539993,31666300,123.587892,AAPL,https://raw.githubusercontent.com/plotly/datasets/master/finance-charts-apple.csv
2015-03-05,128.580002,128.75,125.760002,126.410004,56517100,121.539962,AAPL,https://raw.githubusercontent.com/plotly/datasets/master/finance-charts-apple.csv
2015-03-06,128.399994,129.369995,126.260002,126.599998,72842100,121.722637,AAPL,https://raw.githubusercontent.com/plotly/datasets/master/finance-charts-apple.csv
2015-03-09,127.959999,129.570007,125.059998,127.139999,88528500,122.241834,AAPL,https://raw.githubusercontent.com/plotly/datasets/master/finance-charts-apple.csv
2015-03-10,126.410004,127.220001,123.800003,124.510002,68856600,119.71316,AAPL,https://raw.githubusercontent.com/plotly/datasets/master/finance-charts-apple.csv
2015-03-11,124.75,124.769997,122.110001,122.239998,68939000,117.530609,AAPL,https://raw.githubusercontent.com/plotly/datasets/master/finance-charts-apple.csv
2015-03-12,122.309998,124.900002,121.629997,124.449997,48362700,119.655466,AAPL,https://raw.githubusercontent.com/plotly/datasets/master/finance-charts-apple.csv
2015-03-13,124.400002,125.400002,122.580002,123.589996,51827300,118.828598,AAPL,https://raw.githubusercontent.com/plotly/datasets/master/finance-charts-apple.csv
2015-03-16,123.879997,124.949997,122.870003,124.949997,35874300,120.136203,AAPL,https://raw.githubusercontent.com/plotly/datasets/master/finance-charts-apple.csv
2015-03-17,125.900002,127.32,125.650002,127.040001,51023100,122.145688,AAPL,https://raw.githubusercontent.com/plotly/datasets/master/finance-charts-apple.csv
2015-03-18,127.0,129.160004,126.370003,128.470001,65270900,123.520597,AAPL,https://raw.githubusercontent.com/plotly/datasets/master/finance-charts-apple.csv
2015-03-19,128.75,129.25,127.400002,127.5,45809500,122.587966,AAPL,https://raw.githubusercontent.com/plotly/datasets/master/finance-charts-apple.csv
2015-03-20,128.25,128.399994,125.160004,125.900002,68695100,121.049608,AAPL,https://raw.githubusercontent.com/plotly/datasets/master/finance-charts-apple.csv
2015-03-23,127.120003,127.849998,126.519997,127.209999,37709700,122.309137,AAPL,https://raw.githubusercontent.com/plotly/datasets/master/finance-charts-apple.csv
2015-03-24,127.230003,128.039993,126.559998,126.690002,32842300,121.809174,AAPL,https://raw.githubusercontent.com/plotly/datasets/master/finance-charts-apple.csv
2015-03-25,126.540001,126.82,123.379997,123.379997,51655200,118.626689,AAPL,https://raw.githubusercontent.com/plotly/datasets/master/finance-charts-apple.csv
2015-03-26,122.760002,124.879997,122.599998,124.239998,47572900,119.453558,AAPL,https://raw.githubusercontent.com/plotly/datasets/master/finance-charts-apple.csv
2015-03-27,124.57,124.699997,122.910004,123.25,39546200,118.5017,AAPL,https://raw.githubusercontent.com/plotly/datasets/master/finance-charts-apple.csv
2015-03-30,124.050003,126.400002,124.0,126.370003,47099700,121.501502,AAPL,https://raw.githubusercontent.com/plotly/datasets/master/finance-charts-apple.csv
2015-03-31,126.089996,126.489998,124.360001,124.43,42090600,119.63624,AAPL,https://raw.githubusercontent.com/plotly/datasets/master/finance-charts-apple.csv
2015-04-01,124.82,125.120003,123.099998,124.25,40621400,119.463174,AAPL,https://raw.githubusercontent.com/plotly/datasets/master/finance-charts-apple.csv
2015-04-02,125.029999,125.559998,124.190002,125.32,32220100,120.491951,AAPL,https://raw.githubusercontent.com/plotly/datasets/master/finance-charts-apple.csv
2015-04-06,124.470001,127.510002,124.330002,127.349998,37194000,122.443743,AAPL,https://raw.githubusercontent.com/plotly/datasets/master/finance-charts-apple.csv
2015-04-07,127.639999,128.119995,125.980003,126.010002,35012300,121.155371,AAPL,https://raw.githubusercontent.com/plotly/datasets/master/finance-charts-apple.csv
2015-04-08,125.849998,126.400002,124.970001,125.599998,37329200,120.761163,AAPL,https://raw.githubusercontent.com/plotly/datasets/master/finance-charts-apple.csv
2015-04-09,125.849998,126.580002,124.660004,126.559998,32484000,121.684177,AAPL,https://raw.githubusercontent.com/plotly/datasets/master/finance-charts-apple.csv
2015-04-10,125.949997,127.209999,125.260002,127.099998,40188000,122.203374,AAPL,https://raw.githubusercontent.com/plotly/datasets/master/finance-charts-apple.csv
2015-04-13,128.369995,128.570007,126.610001,126.849998,36365100,121.963006,AAPL,https://raw.githubusercontent.com/plotly/datasets/master/finance-charts-apple.csv
2015-04-14,127.0,127.290001,125.910004,126.300003,25524600,121.434199,AAPL,https://raw.githubusercontent.com/plotly/datasets/master/finance-charts-apple.csv
2015-04-15,126.410004,127.129997,126.010002,126.779999,28970400,121.895703,AAPL,https://raw.githubusercontent.com/plotly/datasets/master/finance-charts-apple.csv
2015-04-16,126.279999,127.099998,126.110001,126.169998,28369000,121.309203,AAPL,https://raw.githubusercontent.com/plotly/datasets/master/finance-charts-apple.csv
2015-04-17,125.550003,126.139999,124.459999,124.75,51957000,119.943911,AAPL,https://raw.githubusercontent.com/plotly/datasets/master/finance-charts-apple.csv
2015-04-20,125.57,128.119995,125.169998,127.599998,47054300,122.684112,AAPL,https://raw.githubusercontent.com/plotly/datasets/master/finance-charts-apple.csv
2015-04-21,128.100006,128.199997,126.669998,126.910004,32435100,122.020699,AAPL,https://raw.githubusercontent.com/plotly/datasets/master/finance-charts-apple.csv
2015-04-22,126.989998,128.869995,126.32,128.619995,37654500,123.664812,AAPL,https://raw.githubusercontent.com/plotly/datasets/master/finance-charts-apple.csv
2015-04-23,128.300003,130.419998,128.139999,129.669998,45770900,124.674363,AAPL,https://raw.githubusercontent.com/plotly/datasets/master/finance-charts-apple.csv
2015-04-24,130.490005,130.630005,129.229996,130.279999,44525900,125.260863,AAPL,https://raw.githubusercontent.com/plotly/datasets/master/finance-charts-apple.csv
2015-04-27,132.309998,133.130005,131.149994,132.649994,96954200,127.539552,AAPL,https://raw.githubusercontent.com/plotly/datasets/master/finance-charts-apple.csv
2015-04-28,134.460007,134.539993,129.570007,130.559998,118924000,125.530074,AAPL,https://raw.githubusercontent.com/plotly/datasets/master/finance-charts-apple.csv
2015-04-29,130.160004,131.589996,128.300003,128.639999,63386100,123.684046,AAPL,https://raw.githubusercontent.com/plotly/datasets/master/finance-charts-apple.csv
2015-04-30,128.639999,128.639999,124.580002,125.150002,83195400,120.328503,AAPL,https://raw.githubusercontent.com/plotly/datasets/master/finance-charts-apple.csv
2015-05-01,126.099998,130.130005,125.300003,128.949997,58512600,123.9821,AAPL,https://raw.githubusercontent.com/plotly/datasets/master/finance-charts-apple.csv
2015-05-04,129.5,130.570007,128.259995,128.699997,50988300,123.741732,AAPL,https://raw.githubusercontent.com/plotly/datasets/master/finance-charts-apple.csv
2015-05-05,128.149994,128.449997,125.779999,125.800003,49271400,120.953462,AAPL,https://raw.githubusercontent.com/plotly/datasets/master/finance-charts-apple.csv
2015-05-06,126.559998,126.75,123.360001,125.010002,72141000,120.193897,AAPL,https://raw.githubusercontent.com/plotly/datasets/master/finance-charts-apple.csv
2015-05-07,124.769997,126.080002,124.019997,125.260002,43940900,120.93733,AAPL,https://raw.githubusercontent.com/plotly/datasets/master/finance-charts-apple.csv
2015-05-08,126.68,127.620003,126.110001,127.620003,55550400,123.215888,AAPL,https://raw.githubusercontent.com/plotly/datasets/master/finance-charts-apple.csv
2015-05-11,127.389999,127.559998,125.629997,126.32,42035800,121.960747,AAPL,https://raw.githubusercontent.com/plotly/datasets/master/finance-charts-apple.csv
2015-05-12,125.599998,126.879997,124.82,125.870003,48160000,121.526279,AAPL,https://raw.githubusercontent.com/plotly/datasets/master/finance-charts-apple.csv
2015-05-13,126.150002,127.190002,125.870003,126.010002,34694200,121.661447,AAPL,https://raw.githubusercontent.com/plotly/datasets/master/finance-charts-apple.csv
2015-05-14,127.410004,128.949997,127.160004,128.949997,45203500,124.499984,AAPL,https://raw.githubusercontent.com/plotly/datasets/master/finance-charts-apple.csv
2015-05-15,129.070007,129.490005,128.210007,128.770004,38208000,124.326203,AAPL,https://raw.githubusercontent.com/plotly/datasets/master/finance-charts-apple.csv
2015-05-18,128.380005,130.720001,128.360001,130.190002,50882900,125.697198,AAPL,https://raw.githubusercontent.com/plotly/datasets/master/finance-charts-apple.csv
2015-05-19,130.690002,130.880005,129.639999,130.070007,44633200,125.581344,AAPL,https://raw.githubusercontent.com/plotly/datasets/master/finance-charts-apple.csv
2015-05-20,130.0,130.979996,129.339996,130.059998,36454900,125.571679,AAPL,https://raw.githubusercontent.com/plotly/datasets/master/finance-charts-apple.csv
2015-05-21,130.070007,131.630005,129.830002,131.389999,39730400,126.855783,AAPL,https://raw.githubusercontent.com/plotly/datasets/master/finance-charts-apple.csv
2015-05-22,131.600006,132.970001,131.399994,132.539993,45596000,127.966091,AAPL,https://raw.githubusercontent.com/plotly/datasets/master/finance-charts-apple.csv
2015-05-26,132.600006,132.910004,129.119995,129.619995,70697600,125.146861,AAPL,https://raw.githubusercontent.com/plotly/datasets/master/finance-charts-apple.csv
2015-05-27,130.339996,132.259995,130.050003,132.039993,45833200,127.483346,AAPL,https://raw.githubusercontent.com/plotly/datasets/master/finance-charts-apple.csv
2015-05-28,131.860001,131.949997,131.100006,131.779999,30733300,127.232324,AAPL,https://raw.githubusercontent.com/plotly/datasets/master/finance-charts-apple.csv
2015-05-29,131.229996,131.449997,129.899994,130.279999,50884500,125.784088,AAPL,https://raw.githubusercontent.com/plotly/datasets/master/finance-charts-apple.csv
2015-06-01,130.279999,131.389999,130.050003,130.539993,32112800,126.03511,AAPL,https://raw.githubusercontent.com/plotly/datasets/master/finance-charts-apple.csv
2015-06-02,129.860001,130.660004,129.320007,129.960007,33667600,125.475139,AAPL,https://raw.githubusercontent.com/plotly/datasets/master/finance-charts-apple.csv
2015-06-03,130.660004,130.940002,129.899994,130.119995,30889400,125.629606,AAPL,https://raw.githubusercontent.com/plotly/datasets/master/finance-charts-apple.csv
2015-06-04,129.580002,130.580002,128.910004,129.360001,38450100,124.895839,AAPL,https://raw.githubusercontent.com/plotly/datasets/master/finance-charts-apple.csv
2015-06-05,129.5,129.690002,128.360001,128.649994,35626800,124.210334,AAPL,https://raw.githubusercontent.com/plotly/datasets/master/finance-charts-apple.csv
2015-06-08,128.899994,129.210007,126.830002,127.800003,52674800,123.389676,AAPL,https://raw.githubusercontent.com/plotly/datasets/master/finance-charts-apple.csv
2015-06-09,126.699997,128.080002,125.620003,127.419998,56075400,123.022785,AAPL,https://raw.githubusercontent.com/plotly/datasets/master/finance-charts-apple.csv
2015-06-10,127.919998,129.339996,127.849998,128.880005,39087300,124.432408,AAPL,https://raw.githubusercontent.com/plotly/datasets/master/finance-charts-apple.csv
2015-06-11,129.179993,130.179993,128.479996,128.589996,35390900,124.152407,AAPL,https://raw.githubusercontent.com/plotly/datasets/master/finance-charts-apple.csv
2015-06-12,128.190002,128.330002,127.110001,127.169998,36886200,122.781413,AAPL,https://raw.githubusercontent.com/plotly/datasets/master/finance-charts-apple.csv
2015-06-15,126.099998,127.239998,125.709999,126.919998,43988900,122.54004,AAPL,https://raw.githubusercontent.com/plotly/datasets/master/finance-charts-apple.csv
2015-06-16,127.029999,127.849998,126.370003,127.599998,31494100,123.196574,AAPL,https://raw.githubusercontent.com/plotly/datasets/master/finance-charts-apple.csv
2015-06-17,127.720001,127.879997,126.739998,127.300003,32918100,122.906931,AAPL,https://raw.githubusercontent.com/plotly/datasets/master/finance-charts-apple.csv
2015-06-18,127.230003,128.309998,127.220001,127.879997,35407200,123.46691,AAPL,https://raw.githubusercontent.com/plotly/datasets/master/finance-charts-apple.csv
2015-06-19,127.709999,127.82,126.400002,126.599998,54716900,122.231083,AAPL,https://raw.githubusercontent.com/plotly/datasets/master/finance-charts-apple.csv
2015-06-22,127.489998,128.059998,127.080002,127.610001,34039300,123.206231,AAPL,https://raw.githubusercontent.com/plotly/datasets/master/finance-charts-apple.csv
2015-06-23,127.480003,127.610001,126.879997,127.029999,30268900,122.646244,AAPL,https://raw.githubusercontent.com/plotly/datasets/master/finance-charts-apple.csv
2015-06-24,127.209999,129.800003,127.120003,128.110001,55280900,123.688976,AAPL,https://raw.githubusercontent.com/plotly/datasets/master/finance-charts-apple.csv
2015-06-25,128.860001,129.199997,127.5,127.5,31938100,123.100026,AAPL,https://raw.githubusercontent.com/plotly/datasets/master/finance-charts-apple.csv
2015-06-26,127.669998,127.989998,126.510002,126.75,44066800,122.375908,AAPL,https://raw.githubusercontent.com/plotly/datasets/master/finance-charts-apple.csv
2015-06-29,125.459999,126.470001,124.480003,124.529999,49161400,120.232518,AAPL,https://raw.githubusercontent.com/plotly/datasets/master/finance-charts-apple.csv
2015-06-30,125.57,126.120003,124.860001,125.43,44370700,121.101461,AAPL,https://raw.githubusercontent.com/plotly/datasets/master/finance-charts-apple.csv
2015-07-01,126.900002,126.940002,125.989998,126.599998,30238800,122.231083,AAPL,https://raw.githubusercontent.com/plotly/datasets/master/finance-charts-apple.csv
2015-07-02,126.43,126.690002,125.769997,126.440002,27211000,122.076609,AAPL,https://raw.githubusercontent.com/plotly/datasets/master/finance-charts-apple.csv
2015-07-06,124.940002,126.230003,124.849998,126.0,28060400,121.65179,AAPL,https://raw.githubusercontent.com/plotly/datasets/master/finance-charts-apple.csv
2015-07-07,125.889999,126.150002,123.769997,125.690002,46946800,121.352491,AAPL,https://raw.githubusercontent.com/plotly/datasets/master/finance-charts-apple.csv
2015-07-08,124.480003,124.639999,122.540001,122.57,60761600,118.340158,AAPL,https://raw.githubusercontent.com/plotly/datasets/master/finance-charts-apple.csv
2015-07-09,123.849998,124.059998,119.220001,120.07,77821600,115.926432,AAPL,https://raw.githubusercontent.com/plotly/datasets/master/finance-charts-apple.csv
2015-07-10,121.940002,123.849998,121.209999,123.279999,61354500,119.025655,AAPL,https://raw.githubusercontent.com/plotly/datasets/master/finance-charts-apple.csv
2015-07-13,125.029999,125.760002,124.32,125.660004,41440500,121.323527,AAPL,https://raw.githubusercontent.com/plotly/datasets/master/finance-charts-apple.csv
2015-07-14,126.040001,126.370003,125.040001,125.610001,31768100,121.27525,AAPL,https://raw.githubusercontent.com/plotly/datasets/master/finance-charts-apple.csv
2015-07-15,125.720001,127.150002,125.580002,126.82,33649200,122.443492,AAPL,https://raw.githubusercontent.com/plotly/datasets/master/finance-charts-apple.csv
2015-07-16,127.739998,128.570007,127.349998,128.509995,36222400,124.075166,AAPL,https://raw.githubusercontent.com/plotly/datasets/master/finance-charts-apple.csv
2015-07-17,129.080002,129.619995,128.309998,129.619995,46164700,125.146861,AAPL,https://raw.githubusercontent.com/plotly/datasets/master/finance-charts-apple.csv
2015-07-20,130.970001,132.970001,130.699997,132.070007,58900200,127.512324,AAPL,https://raw.githubusercontent.com/plotly/datasets/master/finance-charts-apple.csv
2015-07-21,132.850006,132.919998,130.320007,130.75,76756400,126.23787,AAPL,https://raw.githubusercontent.com/plotly/datasets/master/finance-charts-apple.csv
2015-07-22,121.989998,125.5,121.989998,125.220001,115450600,120.898709,AAPL,https://raw.githubusercontent.com/plotly/datasets/master/finance-charts-apple.csv
2015-07-23,126.199997,127.089996,125.059998,125.160004,50999500,120.840782,AAPL,https://raw.githubusercontent.com/plotly/datasets/master/finance-charts-apple.csv
2015-07-24,125.32,125.739998,123.900002,124.5,42162300,120.203555,AAPL,https://raw.githubusercontent.com/plotly/datasets/master/finance-charts-apple.csv
2015-07-27,123.089996,123.610001,122.120003,122.769997,44455500,118.533253,AAPL,https://raw.githubusercontent.com/plotly/datasets/master/finance-charts-apple.csv
2015-07-28,123.379997,123.910004,122.550003,123.379997,33618100,119.122203,AAPL,https://raw.githubusercontent.com/plotly/datasets/master/finance-charts-apple.csv
2015-07-29,123.150002,123.5,122.269997,122.989998,37011700,118.745662,AAPL,https://raw.githubusercontent.com/plotly/datasets/master/finance-charts-apple.csv
2015-07-30,122.32,122.57,121.709999,122.370003,33628300,118.147063,AAPL,https://raw.githubusercontent.com/plotly/datasets/master/finance-charts-apple.csv
2015-07-31,122.599998,122.639999,120.910004,121.300003,42885000,117.113989,AAPL,https://raw.githubusercontent.com/plotly/datasets/master/finance-charts-apple.csv
2015-08-03,121.5,122.57,117.519997,118.440002,69976000,114.352685,AAPL,https://raw.githubusercontent.com/plotly/datasets/master/finance-charts-apple.csv
2015-08-04,117.419998,117.699997,113.25,114.639999,124138600,110.683819,AAPL,https://raw.githubusercontent.com/plotly/datasets/master/finance-charts-apple.csv
2015-08-05,112.949997,117.440002,112.099998,115.400002,99312600,111.417594,AAPL,https://raw.githubusercontent.com/plotly/datasets/master/finance-charts-apple.csv
2015-08-06,115.970001,116.5,114.120003,115.129997,52903000,111.66005,AAPL,https://raw.githubusercontent.com/plotly/datasets/master/finance-charts-apple.csv
2015-08-07,114.580002,116.25,114.5,115.519997,38670400,112.038295,AAPL,https://raw.githubusercontent.com/plotly/datasets/master/finance-charts-apple.csv
2015-08-10,116.529999,119.989998,116.529999,119.720001,54951600,116.111714,AAPL,https://raw.githubusercontent.com/plotly/datasets/master/finance-charts-apple.csv
2015-08-11,117.809998,118.18,113.330002,113.489998,97082800,110.069479,AAPL,https://raw.githubusercontent.com/plotly/datasets/master/finance-charts-apple.csv
2015-08-12,112.529999,115.419998,109.629997,115.239998,101217500,111.766735,AAPL,https://raw.githubusercontent.com/plotly/datasets/master/finance-charts-apple.csv
2015-08-13,116.040001,116.400002,114.540001,115.150002,48535800,111.679451,AAPL,https://raw.githubusercontent.com/plotly/datasets/master/finance-charts-apple.csv
2015-08-14,114.32,116.309998,114.010002,115.959999,42929500,112.465036,AAPL,https://raw.githubusercontent.com/plotly/datasets/master/finance-charts-apple.csv
2015-08-17,116.040001,117.650002,115.5,117.160004,40884700,113.628873,AAPL,https://raw.githubusercontent.com/plotly/datasets/master/finance-charts-apple.csv
2015-08-18,116.43,117.440002,116.010002,116.5,34560700,112.988761,AAPL,https://raw.githubusercontent.com/plotly/datasets/master/finance-charts-apple.csv
2015-08-19,116.099998,116.519997,114.68,115.010002,47445700,111.543671,AAPL,https://raw.githubusercontent.com/plotly/datasets/master/finance-charts-apple.csv
2015-08-20,114.080002,114.349998,111.629997,112.650002,68501600,109.2548,AAPL,https://raw.githubusercontent.com/plotly/datasets/master/finance-charts-apple.csv
2015-08-21,110.43,111.900002,105.650002,105.760002,128275500,102.572461,AAPL,https://raw.githubusercontent.com/plotly/datasets/master/finance-charts-apple.csv
2015-08-24,94.870003,108.800003,92.0,103.120003,162206300,100.012029,AAPL,https://raw.githubusercontent.com/plotly/datasets/master/finance-charts-apple.csv
2015-08-25,111.110001,111.110001,103.5,103.739998,103601600,100.613338,AAPL,https://raw.githubusercontent.com/plotly/datasets/master/finance-charts-apple.csv
2015-08-26,107.089996,109.889999,105.050003,109.690002,96774600,106.384013,AAPL,https://raw.githubusercontent.com/plotly/datasets/master/finance-charts-apple.csv
2015-08-27,112.230003,113.239998,110.019997,112.919998,84616100,109.516659,AAPL,https://raw.githubusercontent.com/plotly/datasets/master/finance-charts-apple.csv
2015-08-28,112.169998,113.309998,111.540001,113.290001,53164400,109.87551,AAPL,https://raw.githubusercontent.com/plotly/datasets/master/finance-charts-apple.csv
2015-08-31,112.029999,114.529999,112.0,112.760002,56229300,109.361485,AAPL,https://raw.githubusercontent.com/plotly/datasets/master/finance-charts-apple.csv
2015-09-01,110.150002,111.879997,107.360001,107.720001,76845900,104.473386,AAPL,https://raw.githubusercontent.com/plotly/datasets/master/finance-charts-apple.csv
2015-09-02,110.230003,112.339996,109.129997,112.339996,61888800,108.954138,AAPL,https://raw.githubusercontent.com/plotly/datasets/master/finance-charts-apple.csv
2015-09-03,112.489998,112.779999,110.040001,110.370003,53233900,107.043519,AAPL,https://raw.githubusercontent.com/plotly/datasets/master/finance-charts-apple.csv
2015-09-04,108.970001,110.449997,108.510002,109.269997,49996300,105.976666,AAPL,https://raw.githubusercontent.com/plotly/datasets/master/finance-charts-apple.csv
2015-09-08,111.75,112.559998,110.32,112.309998,54843600,108.925043,AAPL,https://raw.githubusercontent.com/plotly/datasets/master/finance-charts-apple.csv
2015-09-09,113.760002,114.019997,109.769997,110.150002,85010800,106.830148,AAPL,https://raw.githubusercontent.com/plotly/datasets/master/finance-charts-apple.csv
2015-09-10,110.269997,113.279999,109.900002,112.57,62892800,109.177209,AAPL,https://raw.githubusercontent.com/plotly/datasets/master/finance-charts-apple.csv
2015-09-11,111.790001,114.209999,111.760002,114.209999,49915500,110.76778,AAPL,https://raw.githubusercontent.com/plotly/datasets/master/finance-charts-apple.csv
2015-09-14,116.580002,116.889999,114.860001,115.309998,58363400,111.834625,AAPL,https://raw.githubusercontent.com/plotly/datasets/master/finance-charts-apple.csv
2015-09-15,115.93,116.529999,114.419998,116.279999,43341200,112.775391,AAPL,https://raw.githubusercontent.com/plotly/datasets/master/finance-charts-apple.csv
2015-09-16,116.25,116.540001,115.440002,116.410004,37173500,112.901478,AAPL,https://raw.githubusercontent.com/plotly/datasets/master/finance-charts-apple.csv
2015-09-17,115.660004,116.489998,113.720001,113.919998,64112600,110.486519,AAPL,https://raw.githubusercontent.com/plotly/datasets/master/finance-charts-apple.csv
2015-09-18,112.209999,114.300003,111.870003,113.449997,74285300,110.030684,AAPL,https://raw.githubusercontent.com/plotly/datasets/master/finance-charts-apple.csv
2015-09-21,113.669998,115.370003,113.660004,115.209999,50222000,111.73764,AAPL,https://raw.githubusercontent.com/plotly/datasets/master/finance-charts-apple.csv
2015-09-22,113.379997,114.18,112.519997,113.400002,50346200,109.982195,AAPL,https://raw.githubusercontent.com/plotly/datasets/master/finance-charts-apple.csv
2015-09-23,113.629997,114.720001,113.300003,114.32,35756700,110.874465,AAPL,https://raw.githubusercontent.com/plotly/datasets/master/finance-charts-apple.csv
2015-09-24,113.25,115.5,112.370003,115.0,50219500,111.533971,AAPL,https://raw.githubusercontent.com/plotly/datasets/master/finance-charts-apple.csv
2015-09-25,116.440002,116.690002,114.019997,114.709999,56151900,111.25271,AAPL,https://raw.githubusercontent.com/plotly/datasets/master/finance-charts-apple.csv
2015-09-28,113.849998,114.57,112.440002,112.440002,52109000,109.05113,AAPL,https://raw.githubusercontent.com/plotly/datasets/master/finance-charts-apple.csv
2015-09-29,112.830002,113.510002,107.860001,109.059998,73365400,105.772996,AAPL,https://raw.githubusercontent.com/plotly/datasets/master/finance-charts-apple.csv
2015-09-30,110.169998,111.540001,108.730003,110.300003,66473000,106.975629,AAPL,https://raw.githubusercontent.com/plotly/datasets/master/finance-charts-apple.csv
2015-10-01,109.07,109.620003,107.309998,109.580002,63929100,106.277328,AAPL,https://raw.githubusercontent.com/plotly/datasets/master/finance-charts-apple.csv
2015-10-02,108.010002,111.010002,107.550003,110.379997,58019800,107.053212,AAPL,https://raw.githubusercontent.com/plotly/datasets/master/finance-charts-apple.csv
2015-10-05,109.879997,111.370003,109.07,110.779999,52064700,107.441158,AAPL,https://raw.githubusercontent.com/plotly/datasets/master/finance-charts-apple.csv
2015-10-06,110.629997,111.739998,109.769997,111.309998,48196800,107.955183,AAPL,https://raw.githubusercontent.com/plotly/datasets/master/finance-charts-apple.csv
2015-10-07,111.739998,111.769997,109.410004,110.779999,46765600,107.441158,AAPL,https://raw.githubusercontent.com/plotly/datasets/master/finance-charts-apple.csv
2015-10-08,110.190002,110.190002,108.209999,109.5,61979600,106.199737,AAPL,https://raw.githubusercontent.com/plotly/datasets/master/finance-charts-apple.csv
2015-10-09,110.0,112.279999,109.489998,112.120003,52766100,108.740775,AAPL,https://raw.githubusercontent.com/plotly/datasets/master/finance-charts-apple.csv
2015-10-12,112.730003,112.75,111.440002,111.599998,30467200,108.236443,AAPL,https://raw.githubusercontent.com/plotly/datasets/master/finance-charts-apple.csv
2015-10-13,110.82,112.449997,110.68,111.790001,33049300,108.420719,AAPL,https://raw.githubusercontent.com/plotly/datasets/master/finance-charts-apple.csv
2015-10-14,111.290001,111.519997,109.559998,110.209999,44462400,106.888337,AAPL,https://raw.githubusercontent.com/plotly/datasets/master/finance-charts-apple.csv
2015-10-15,110.93,112.099998,110.489998,111.860001,37673500,108.488609,AAPL,https://raw.githubusercontent.com/plotly/datasets/master/finance-charts-apple.csv
2015-10-16,111.779999,112.0,110.529999,111.040001,39232600,107.693323,AAPL,https://raw.githubusercontent.com/plotly/datasets/master/finance-charts-apple.csv
2015-10-19,110.800003,111.75,110.110001,111.730003,29759200,108.36253,AAPL,https://raw.githubusercontent.com/plotly/datasets/master/finance-charts-apple.csv
2015-10-20,111.339996,114.169998,110.82,113.769997,48778800,110.341039,AAPL,https://raw.githubusercontent.com/plotly/datasets/master/finance-charts-apple.csv
2015-10-21,114.0,115.580002,113.699997,113.760002,41795200,110.331345,AAPL,https://raw.githubusercontent.com/plotly/datasets/master/finance-charts-apple.csv
2015-10-22,114.330002,115.5,114.099998,115.5,41654100,112.018901,AAPL,https://raw.githubusercontent.com/plotly/datasets/master/finance-charts-apple.csv
2015-10-23,116.699997,119.230003,116.330002,119.080002,59366900,115.491004,AAPL,https://raw.githubusercontent.com/plotly/datasets/master/finance-charts-apple.csv
2015-10-26,118.080002,118.129997,114.919998,115.279999,66333800,111.80553,AAPL,https://raw.githubusercontent.com/plotly/datasets/master/finance-charts-apple.csv
2015-10-27,115.400002,116.540001,113.989998,114.550003,69884400,111.097536,AAPL,https://raw.githubusercontent.com/plotly/datasets/master/finance-charts-apple.csv
2015-10-28,116.93,119.300003,116.059998,119.269997,85551400,115.675272,AAPL,https://raw.githubusercontent.com/plotly/datasets/master/finance-charts-apple.csv
2015-10-29,118.699997,120.690002,118.269997,120.529999,51227300,116.897299,AAPL,https://raw.githubusercontent.com/plotly/datasets/master/finance-charts-apple.csv
2015-10-30,120.989998,121.220001,119.449997,119.5,49365300,115.898343,AAPL,https://raw.githubusercontent.com/plotly/datasets/master/finance-charts-apple.csv
2015-11-02,120.800003,121.360001,119.610001,121.18,32203300,117.527709,AAPL,https://raw.githubusercontent.com/plotly/datasets/master/finance-charts-apple.csv
2015-11-03,120.790001,123.489998,120.699997,122.57,45519000,118.875815,AAPL,https://raw.githubusercontent.com/plotly/datasets/master/finance-charts-apple.csv
2015-11-04,123.129997,123.82,121.620003,122.0,44886100,118.322995,AAPL,https://raw.githubusercontent.com/plotly/datasets/master/finance-charts-apple.csv
2015-11-05,121.849998,122.690002,120.18,120.919998,39552700,117.777553,AAPL,https://raw.githubusercontent.com/plotly/datasets/master/finance-charts-apple.csv
2015-11-06,121.110001,121.809998,120.620003,121.059998,33042300,117.913914,AAPL,https://raw.githubusercontent.com/plotly/datasets/master/finance-charts-apple.csv
2015-11-09,120.959999,121.809998,120.050003,120.57,33871400,117.43665,AAPL,https://raw.githubusercontent.com/plotly/datasets/master/finance-charts-apple.csv
2015-11-10,116.900002,118.07,116.059998,116.769997,59127900,113.735401,AAPL,https://raw.githubusercontent.com/plotly/datasets/master/finance-charts-apple.csv
2015-11-11,116.370003,117.419998,115.209999,116.110001,45218000,113.092557,AAPL,https://raw.githubusercontent.com/plotly/datasets/master/finance-charts-apple.csv
2015-11-12,116.260002,116.82,115.650002,115.720001,32525600,112.712693,AAPL,https://raw.githubusercontent.com/plotly/datasets/master/finance-charts-apple.csv
2015-11-13,115.199997,115.57,112.269997,112.339996,45812400,109.420527,AAPL,https://raw.githubusercontent.com/plotly/datasets/master/finance-charts-apple.csv
2015-11-16,111.379997,114.239998,111.0,114.18,38106700,111.212713,AAPL,https://raw.githubusercontent.com/plotly/datasets/master/finance-charts-apple.csv
2015-11-17,114.919998,115.050003,113.32,113.690002,27616900,110.735449,AAPL,https://raw.githubusercontent.com/plotly/datasets/master/finance-charts-apple.csv
2015-11-18,115.760002,117.489998,115.5,117.290001,46674700,114.241891,AAPL,https://raw.githubusercontent.com/plotly/datasets/master/finance-charts-apple.csv
2015-11-19,117.639999,119.75,116.760002,118.779999,43295800,115.693167,AAPL,https://raw.githubusercontent.com/plotly/datasets/master/finance-charts-apple.csv
2015-11-20,119.199997,119.919998,118.849998,119.300003,34287100,116.199658,AAPL,https://raw.githubusercontent.com/plotly/datasets/master/finance-charts-apple.csv
2015-11-23,119.269997,119.730003,117.339996,117.75,32482500,114.689936,AAPL,https://raw.githubusercontent.com/plotly/datasets/master/finance-charts-apple.csv
2015-11-24,117.330002,119.349998,117.120003,118.879997,42803200,115.790567,AAPL,https://raw.githubusercontent.com/plotly/datasets/master/finance-charts-apple.csv
2015-11-25,119.209999,119.230003,117.919998,118.029999,21388300,114.962658,AAPL,https://raw.githubusercontent.com/plotly/datasets/master/finance-charts-apple.csv
2015-11-27,118.290001,118.410004,117.599998,117.809998,13046400,114.748374,AAPL,https://raw.githubusercontent.com/plotly/datasets/master/finance-charts-apple.csv
2015-11-30,117.989998,119.410004,117.75,118.300003,39180300,115.225646,AAPL,https://raw.githubusercontent.com/plotly/datasets/master/finance-charts-apple.csv
2015-12-01,118.75,118.809998,116.860001,117.339996,34852400,114.290588,AAPL,https://raw.githubusercontent.com/plotly/datasets/master/finance-charts-apple.csv
2015-12-02,117.339996,118.110001,116.080002,116.279999,33386600,113.258137,AAPL,https://raw.githubusercontent.com/plotly/datasets/master/finance-charts-apple.csv
2015-12-03,116.550003,116.790001,114.220001,115.199997,41569500,112.206202,AAPL,https://raw.githubusercontent.com/plotly/datasets/master/finance-charts-apple.csv
2015-12-04,115.290001,119.25,115.110001,119.029999,57777000,115.936671,AAPL,https://raw.githubusercontent.com/plotly/datasets/master/finance-charts-apple.csv
2015-12-07,118.980003,119.860001,117.809998,118.279999,32084200,115.206161,AAPL,https://raw.githubusercontent.com/plotly/datasets/master/finance-charts-apple.csv
2015-12-08,117.519997,118.599998,116.860001,118.230003,34309500,115.157465,AAPL,https://raw.githubusercontent.com/plotly/datasets/master/finance-charts-apple.csv
2015-12-09,117.639999,117.690002,115.080002,115.620003,46361400,112.615293,AAPL,https://raw.githubusercontent.com/plotly/datasets/master/finance-charts-apple.csv
2015-12-10,116.040001,116.940002,115.510002,116.169998,29104200,113.150995,AAPL,https://raw.githubusercontent.com/plotly/datasets/master/finance-charts-apple.csv
2015-12-11,115.190002,115.389999,112.849998,113.18,46886200,110.238701,AAPL,https://raw.githubusercontent.com/plotly/datasets/master/finance-charts-apple.csv
2015-12-14,112.18,112.68,109.790001,112.480003,64318700,109.556895,AAPL,https://raw.githubusercontent.com/plotly/datasets/master/finance-charts-apple.csv
2015-12-15,111.940002,112.800003,110.349998,110.489998,53323100,107.618605,AAPL,https://raw.githubusercontent.com/plotly/datasets/master/finance-charts-apple.csv
2015-12-16,111.07,111.989998,108.800003,111.339996,56238500,108.446514,AAPL,https://raw.githubusercontent.com/plotly/datasets/master/finance-charts-apple.csv
2015-12-17,112.019997,112.25,108.980003,108.980003,44772800,106.147852,AAPL,https://raw.githubusercontent.com/plotly/datasets/master/finance-charts-apple.csv
2015-12-18,108.910004,109.519997,105.809998,106.029999,96453300,103.274512,AAPL,https://raw.githubusercontent.com/plotly/datasets/master/finance-charts-apple.csv
2015-12-21,107.279999,107.370003,105.57,107.330002,47590600,104.540731,AAPL,https://raw.githubusercontent.com/plotly/datasets/master/finance-charts-apple.csv
2015-12-22,107.400002,107.720001,106.449997,107.230003,32789400,104.443331,AAPL,https://raw.githubusercontent.com/plotly/datasets/master/finance-charts-apple.csv
2015-12-23,107.269997,108.849998,107.199997,108.610001,32657400,105.787465,AAPL,https://raw.githubusercontent.com/plotly/datasets/master/finance-charts-apple.csv
2015-12-24,109.0,109.0,107.949997,108.029999,13570400,105.222536,AAPL,https://raw.githubusercontent.com/plotly/datasets/master/finance-charts-apple.csv
2015-12-28,107.589996,107.690002,106.18,106.82,26704200,104.043982,AAPL,https://raw.githubusercontent.com/plotly/datasets/master/finance-charts-apple.csv
2015-12-29,106.959999,109.43,106.860001,108.739998,30931200,105.914084,AAPL,https://raw.githubusercontent.com/plotly/datasets/master/finance-charts-apple.csv
2015-12-30,108.580002,108.699997,107.18,107.32,25213800,104.530989,AAPL,https://raw.githubusercontent.com/plotly/datasets/master/finance-charts-apple.csv
2015-12-31,107.010002,107.029999,104.82,105.260002,40635300,102.524526,AAPL,https://raw.githubusercontent.com/plotly/datasets/master/finance-charts-apple.csv
2016-01-04,102.610001,105.370003,102.0,105.349998,67649400,102.612183,AAPL,https://raw.githubusercontent.com/plotly/datasets/master/finance-charts-apple.csv
2016-01-05,105.75,105.849998,102.410004,102.709999,55791000,100.040792,AAPL,https://raw.githubusercontent.com/plotly/datasets/master/finance-charts-apple.csv
2016-01-06,100.559998,102.370003,99.870003,100.699997,68457400,98.083025,AAPL,https://raw.githubusercontent.com/plotly/datasets/master/finance-charts-apple.csv
2016-01-07,98.68,100.129997,96.43,96.449997,81094400,93.943473,AAPL,https://raw.githubusercontent.com/plotly/datasets/master/finance-charts-apple.csv
2016-01-08,98.550003,99.110001,96.760002,96.959999,70798000,94.440222,AAPL,https://raw.githubusercontent.com/plotly/datasets/master/finance-charts-apple.csv
2016-01-11,98.970001,99.059998,97.339996,98.529999,49739400,95.96942,AAPL,https://raw.githubusercontent.com/plotly/datasets/master/finance-charts-apple.csv
2016-01-12,100.550003,100.690002,98.839996,99.959999,49154200,97.362258,AAPL,https://raw.githubusercontent.com/plotly/datasets/master/finance-charts-apple.csv
2016-01-13,100.32,101.190002,97.300003,97.389999,62439600,94.859047,AAPL,https://raw.githubusercontent.com/plotly/datasets/master/finance-charts-apple.csv
2016-01-14,97.959999,100.480003,95.739998,99.519997,63170100,96.93369,AAPL,https://raw.githubusercontent.com/plotly/datasets/master/finance-charts-apple.csv
2016-01-15,96.199997,97.709999,95.360001,97.129997,79010000,94.605802,AAPL,https://raw.githubusercontent.com/plotly/datasets/master/finance-charts-apple.csv
2016-01-19,98.410004,98.650002,95.5,96.660004,53087700,94.148022,AAPL,https://raw.githubusercontent.com/plotly/datasets/master/finance-charts-apple.csv
2016-01-20,95.099998,98.190002,93.419998,96.790001,72334400,94.274641,AAPL,https://raw.githubusercontent.com/plotly/datasets/master/finance-charts-apple.csv
2016-01-21,97.059998,97.879997,94.940002,96.300003,52161500,93.797377,AAPL,https://raw.githubusercontent.com/plotly/datasets/master/finance-charts-apple.csv
2016-01-22,98.629997,101.459999,98.370003,101.419998,65800500,98.784315,AAPL,https://raw.githubusercontent.com/plotly/datasets/master/finance-charts-apple.csv
2016-01-25,101.519997,101.529999,99.209999,99.440002,51794500,96.855775,AAPL,https://raw.githubusercontent.com/plotly/datasets/master/finance-charts-apple.csv
2016-01-26,99.93,100.879997,98.07,99.989998,75077000,97.391477,AAPL,https://raw.githubusercontent.com/plotly/datasets/master/finance-charts-apple.csv
2016-01-27,96.040001,96.629997,93.339996,93.419998,133369700,90.992218,AAPL,https://raw.githubusercontent.com/plotly/datasets/master/finance-charts-apple.csv
2016-01-28,93.790001,94.519997,92.389999,94.089996,55678800,91.644804,AAPL,https://raw.githubusercontent.com/plotly/datasets/master/finance-charts-apple.csv
2016-01-29,94.790001,97.339996,94.349998,97.339996,64416500,94.810344,AAPL,https://raw.githubusercontent.com/plotly/datasets/master/finance-charts-apple.csv
2016-02-01,96.470001,96.709999,95.400002,96.43,40943500,93.923996,AAPL,https://raw.githubusercontent.com/plotly/datasets/master/finance-charts-apple.csv
2016-02-02,95.419998,96.040001,94.279999,94.480003,37357200,92.024676,AAPL,https://raw.githubusercontent.com/plotly/datasets/master/finance-charts-apple.csv
2016-02-03,95.0,96.839996,94.080002,96.349998,45964300,93.846074,AAPL,https://raw.githubusercontent.com/plotly/datasets/master/finance-charts-apple.csv
2016-02-04,95.860001,97.330002,95.190002,96.599998,46471700,94.600127,AAPL,https://raw.githubusercontent.com/plotly/datasets/master/finance-charts-apple.csv
2016-02-05,96.519997,96.919998,93.690002,94.019997,46418100,92.073538,AAPL,https://raw.githubusercontent.com/plotly/datasets/master/finance-charts-apple.csv
2016-02-08,93.129997,95.699997,93.040001,95.010002,54021400,93.043048,AAPL,https://raw.githubusercontent.com/plotly/datasets/master/finance-charts-apple.csv
2016-02-09,94.290001,95.940002,93.93,94.989998,44331200,93.023458,AAPL,https://raw.githubusercontent.com/plotly/datasets/master/finance-charts-apple.csv
2016-02-10,95.919998,96.349998,94.099998,94.269997,42343600,92.318363,AAPL,https://raw.githubusercontent.com/plotly/datasets/master/finance-charts-apple.csv
2016-02-11,93.790001,94.720001,92.589996,93.699997,50074700,91.760163,AAPL,https://raw.githubusercontent.com/plotly/datasets/master/finance-charts-apple.csv
2016-02-12,94.190002,94.5,93.010002,93.989998,40351400,92.04416,AAPL,https://raw.githubusercontent.com/plotly/datasets/master/finance-charts-apple.csv
2016-02-16,95.019997,96.849998,94.610001,96.639999,49057900,94.6393,AAPL,https://raw.githubusercontent.com/plotly/datasets/master/finance-charts-apple.csv
2016-02-17,96.669998,98.209999,96.150002,98.120003,44863200,96.088664,AAPL,https://raw.githubusercontent.com/plotly/datasets/master/finance-charts-apple.csv
2016-02-18,98.839996,98.889999,96.089996,96.260002,39021000,94.26717,AAPL,https://raw.githubusercontent.com/plotly/datasets/master/finance-charts-apple.csv
2016-02-19,96.0,96.760002,95.800003,96.040001,35374200,94.051723,AAPL,https://raw.githubusercontent.com/plotly/datasets/master/finance-charts-apple.csv
2016-02-22,96.309998,96.900002,95.919998,96.879997,34280800,94.874329,AAPL,https://raw.githubusercontent.com/plotly/datasets/master/finance-charts-apple.csv
2016-02-23,96.400002,96.5,94.550003,94.690002,31942600,92.729673,AAPL,https://raw.githubusercontent.com/plotly/datasets/master/finance-charts-apple.csv
2016-02-24,93.980003,96.379997,93.32,96.099998,36255700,94.110479,AAPL,https://raw.githubusercontent.com/plotly/datasets/master/finance-charts-apple.csv
2016-02-25,96.050003,96.760002,95.25,96.760002,27582700,94.756818,AAPL,https://raw.githubusercontent.com/plotly/datasets/master/finance-charts-apple.csv
2016-02-26,97.199997,98.019997,96.580002,96.910004,28991100,94.903715,AAPL,https://raw.githubusercontent.com/plotly/datasets/master/finance-charts-apple.csv
2016-02-29,96.860001,98.230003,96.650002,96.690002,35216300,94.688268,AAPL,https://raw.githubusercontent.com/plotly/datasets/master/finance-charts-apple.csv
2016-03-01,97.650002,100.769997,97.419998,100.529999,50407100,98.448766,AAPL,https://raw.githubusercontent.com/plotly/datasets/master/finance-charts-apple.csv
2016-03-02,100.510002,100.889999,99.639999,100.75,33169600,98.664213,AAPL,https://raw.githubusercontent.com/plotly/datasets/master/finance-charts-apple.csv
2016-03-03,100.580002,101.709999,100.449997,101.5,36955700,99.398686,AAPL,https://raw.githubusercontent.com/plotly/datasets/master/finance-charts-apple.csv
2016-03-04,102.370003,103.75,101.370003,103.010002,46055100,100.877427,AAPL,https://raw.githubusercontent.com/plotly/datasets/master/finance-charts-apple.csv
2016-03-07,102.389999,102.830002,100.959999,101.870003,35828900,99.761029,AAPL,https://raw.githubusercontent.com/plotly/datasets/master/finance-charts-apple.csv
2016-03-08,100.779999,101.760002,100.400002,101.029999,31561900,98.938415,AAPL,https://raw.githubusercontent.com/plotly/datasets/master/finance-charts-apple.csv
2016-03-09,101.309998,101.580002,100.269997,101.120003,27201700,99.026556,AAPL,https://raw.githubusercontent.com/plotly/datasets/master/finance-charts-apple.csv
2016-03-10,101.410004,102.239998,100.150002,101.169998,33513600,99.075516,AAPL,https://raw.githubusercontent.com/plotly/datasets/master/finance-charts-apple.csv
2016-03-11,102.239998,102.279999,101.5,102.260002,27408200,100.142954,AAPL,https://raw.githubusercontent.com/plotly/datasets/master/finance-charts-apple.csv
2016-03-14,101.910004,102.910004,101.779999,102.519997,25076100,100.397566,AAPL,https://raw.githubusercontent.com/plotly/datasets/master/finance-charts-apple.csv
2016-03-15,103.959999,105.18,103.849998,104.580002,40067700,102.414924,AAPL,https://raw.githubusercontent.com/plotly/datasets/master/finance-charts-apple.csv
2016-03-16,104.610001,106.309998,104.589996,105.970001,38303500,103.776147,AAPL,https://raw.githubusercontent.com/plotly/datasets/master/finance-charts-apple.csv
2016-03-17,105.519997,106.470001,104.959999,105.800003,34420700,103.609668,AAPL,https://raw.githubusercontent.com/plotly/datasets/master/finance-charts-apple.csv
2016-03-18,106.339996,106.5,105.190002,105.919998,44205200,103.727179,AAPL,https://raw.githubusercontent.com/plotly/datasets/master/finance-charts-apple.csv
2016-03-21,105.93,107.650002,105.139999,105.910004,35502700,103.717391,AAPL,https://raw.githubusercontent.com/plotly/datasets/master/finance-charts-apple.csv
2016-03-22,105.25,107.290001,105.209999,106.720001,32444400,104.51062,AAPL,https://raw.githubusercontent.com/plotly/datasets/master/finance-charts-apple.csv
2016-03-23,106.480003,107.07,105.900002,106.129997,25703500,103.93283,AAPL,https://raw.githubusercontent.com/plotly/datasets/master/finance-charts-apple.csv
2016-03-24,105.470001,106.25,104.889999,105.669998,26133000,103.482354,AAPL,https://raw.githubusercontent.com/plotly/datasets/master/finance-charts-apple.csv
2016-03-28,106.0,106.190002,105.059998,105.190002,19411400,103.012296,AAPL,https://raw.githubusercontent.com/plotly/datasets/master/finance-charts-apple.csv
2016-03-29,104.889999,107.790001,104.879997,107.68,31190100,105.450744,AAPL,https://raw.githubusercontent.com/plotly/datasets/master/finance-charts-apple.csv
2016-03-30,108.650002,110.419998,108.599998,109.559998,45601100,107.291821,AAPL,https://raw.githubusercontent.com/plotly/datasets/master/finance-charts-apple.csv
2016-03-31,109.720001,109.900002,108.879997,108.989998,25888400,106.733621,AAPL,https://raw.githubusercontent.com/plotly/datasets/master/finance-charts-apple.csv
2016-04-01,108.779999,110.0,108.199997,109.989998,25874000,107.712919,AAPL,https://raw.githubusercontent.com/plotly/datasets/master/finance-charts-apple.csv
2016-04-04,110.419998,112.190002,110.269997,111.120003,37356200,108.81953,AAPL,https://raw.githubusercontent.com/plotly/datasets/master/finance-charts-apple.csv
2016-04-05,109.510002,110.730003,109.419998,109.809998,26578700,107.536645,AAPL,https://raw.githubusercontent.com/plotly/datasets/master/finance-charts-apple.csv
2016-04-06,110.230003,110.980003,109.199997,110.959999,26404100,108.662839,AAPL,https://raw.githubusercontent.com/plotly/datasets/master/finance-charts-apple.csv
2016-04-07,109.949997,110.419998,108.120003,108.540001,31801900,106.292941,AAPL,https://raw.githubusercontent.com/plotly/datasets/master/finance-charts-apple.csv
2016-04-08,108.910004,109.769997,108.169998,108.660004,23581700,106.410459,AAPL,https://raw.githubusercontent.com/plotly/datasets/master/finance-charts-apple.csv
2016-04-11,108.970001,110.610001,108.830002,109.019997,29407500,106.762999,AAPL,https://raw.githubusercontent.com/plotly/datasets/master/finance-charts-apple.csv
2016-04-12,109.339996,110.5,108.660004,110.440002,27232300,108.153607,AAPL,https://raw.githubusercontent.com/plotly/datasets/master/finance-charts-apple.csv
2016-04-13,110.800003,112.339996,110.800003,112.040001,33257300,109.720482,AAPL,https://raw.githubusercontent.com/plotly/datasets/master/finance-charts-apple.csv
2016-04-14,111.620003,112.389999,111.330002,112.099998,25473900,109.779237,AAPL,https://raw.githubusercontent.com/plotly/datasets/master/finance-charts-apple.csv
2016-04-15,112.110001,112.300003,109.730003,109.849998,46939000,107.575818,AAPL,https://raw.githubusercontent.com/plotly/datasets/master/finance-charts-apple.csv
2016-04-18,108.889999,108.949997,106.940002,107.480003,60834000,105.254888,AAPL,https://raw.githubusercontent.com/plotly/datasets/master/finance-charts-apple.csv
2016-04-19,107.879997,108.0,106.230003,106.910004,32384900,104.696689,AAPL,https://raw.githubusercontent.com/plotly/datasets/master/finance-charts-apple.csv
2016-04-20,106.639999,108.089996,106.059998,107.129997,30611000,104.912128,AAPL,https://raw.githubusercontent.com/plotly/datasets/master/finance-charts-apple.csv
2016-04-21,106.93,106.93,105.519997,105.970001,31552500,103.776147,AAPL,https://raw.githubusercontent.com/plotly/datasets/master/finance-charts-apple.csv
2016-04-22,105.010002,106.480003,104.620003,105.68,33683100,103.492149,AAPL,https://raw.githubusercontent.com/plotly/datasets/master/finance-charts-apple.csv
2016-04-25,105.0,105.650002,104.510002,105.080002,28031600,102.904573,AAPL,https://raw.githubusercontent.com/plotly/datasets/master/finance-charts-apple.csv
2016-04-26,103.910004,105.300003,103.910004,104.349998,56016200,102.189682,AAPL,https://raw.githubusercontent.com/plotly/datasets/master/finance-charts-apple.csv
2016-04-27,96.0,98.709999,95.68,97.82,114602100,95.794871,AAPL,https://raw.githubusercontent.com/plotly/datasets/master/finance-charts-apple.csv
2016-04-28,97.610001,97.879997,94.25,94.830002,82242700,92.866774,AAPL,https://raw.githubusercontent.com/plotly/datasets/master/finance-charts-apple.csv
2016-04-29,93.989998,94.720001,92.510002,93.739998,68531500,91.799336,AAPL,https://raw.githubusercontent.com/plotly/datasets/master/finance-charts-apple.csv
2016-05-02,93.970001,94.080002,92.400002,93.639999,48160100,91.701408,AAPL,https://raw.githubusercontent.com/plotly/datasets/master/finance-charts-apple.csv
2016-05-03,94.199997,95.739998,93.68,95.18,56831300,93.209527,AAPL,https://raw.githubusercontent.com/plotly/datasets/master/finance-charts-apple.csv
2016-05-04,95.199997,95.900002,93.82,94.190002,41025500,92.240024,AAPL,https://raw.githubusercontent.com/plotly/datasets/master/finance-charts-apple.csv
2016-05-05,94.0,94.07,92.68,93.239998,35890500,91.865625,AAPL,https://raw.githubusercontent.com/plotly/datasets/master/finance-charts-apple.csv
2016-05-06,93.370003,93.449997,91.849998,92.720001,43458200,91.353293,AAPL,https://raw.githubusercontent.com/plotly/datasets/master/finance-charts-apple.csv
2016-05-09,93.0,93.769997,92.589996,92.790001,32936400,91.422261,AAPL,https://raw.githubusercontent.com/plotly/datasets/master/finance-charts-apple.csv
2016-05-10,93.330002,93.57,92.110001,93.419998,33686800,92.042972,AAPL,https://raw.githubusercontent.com/plotly/datasets/master/finance-charts-apple.csv
2016-05-11,93.480003,93.57,92.459999,92.510002,28719100,91.146389,AAPL,https://raw.githubusercontent.com/plotly/datasets/master/finance-charts-apple.csv
2016-05-12,92.720001,92.779999,89.470001,90.339996,76314700,89.00837,AAPL,https://raw.githubusercontent.com/plotly/datasets/master/finance-charts-apple.csv
2016-05-13,90.0,91.669998,90.0,90.519997,44392800,89.185717,AAPL,https://raw.githubusercontent.com/plotly/datasets/master/finance-charts-apple.csv
2016-05-16,92.389999,94.389999,91.650002,93.879997,61259800,92.49619,AAPL,https://raw.githubusercontent.com/plotly/datasets/master/finance-charts-apple.csv
2016-05-17,94.550003,94.699997,93.010002,93.489998,46916900,92.111939,AAPL,https://raw.githubusercontent.com/plotly/datasets/master/finance-charts-apple.csv
2016-05-18,94.160004,95.209999,93.889999,94.559998,42062400,93.166167,AAPL,https://raw.githubusercontent.com/plotly/datasets/master/finance-charts-apple.csv
2016-05-19,94.639999,94.639999,93.57,94.199997,30442100,92.811473,AAPL,https://raw.githubusercontent.com/plotly/datasets/master/finance-charts-apple.csv
2016-05-20,94.639999,95.43,94.519997,95.220001,32026000,93.816442,AAPL,https://raw.githubusercontent.com/plotly/datasets/master/finance-charts-apple.csv
2016-05-23,95.870003,97.190002,95.669998,96.43,38018600,95.008606,AAPL,https://raw.githubusercontent.com/plotly/datasets/master/finance-charts-apple.csv
2016-05-24,97.220001,98.089996,96.839996,97.900002,35140200,96.456939,AAPL,https://raw.githubusercontent.com/plotly/datasets/master/finance-charts-apple.csv
2016-05-25,98.669998,99.739998,98.110001,99.620003,38168800,98.151587,AAPL,https://raw.githubusercontent.com/plotly/datasets/master/finance-charts-apple.csv
2016-05-26,99.68,100.730003,98.639999,100.410004,56331200,98.929943,AAPL,https://raw.githubusercontent.com/plotly/datasets/master/finance-charts-apple.csv
2016-05-27,99.440002,100.470001,99.25,100.349998,36229500,98.870823,AAPL,https://raw.githubusercontent.com/plotly/datasets/master/finance-charts-apple.csv
2016-05-31,99.599998,100.400002,98.82,99.860001,42307200,98.388047,AAPL,https://raw.githubusercontent.com/plotly/datasets/master/finance-charts-apple.csv
2016-06-01,99.019997,99.540001,98.330002,98.459999,29173300,97.008682,AAPL,https://raw.githubusercontent.com/plotly/datasets/master/finance-charts-apple.csv
2016-06-02,97.599998,97.839996,96.629997,97.720001,40191600,96.279592,AAPL,https://raw.githubusercontent.com/plotly/datasets/master/finance-charts-apple.csv
2016-06-03,97.790001,98.269997,97.449997,97.919998,28062900,96.476641,AAPL,https://raw.githubusercontent.com/plotly/datasets/master/finance-charts-apple.csv
2016-06-06,97.989998,101.889999,97.550003,98.629997,23292500,97.176174,AAPL,https://raw.githubusercontent.com/plotly/datasets/master/finance-charts-apple.csv
2016-06-07,99.25,99.870003,98.959999,99.029999,22409500,97.57028,AAPL,https://raw.githubusercontent.com/plotly/datasets/master/finance-charts-apple.csv
2016-06-08,99.019997,99.559998,98.68,98.940002,20848100,97.48161,AAPL,https://raw.githubusercontent.com/plotly/datasets/master/finance-charts-apple.csv
2016-06-09,98.5,99.989998,98.459999,99.650002,26601400,98.181144,AAPL,https://raw.githubusercontent.com/plotly/datasets/master/finance-charts-apple.csv
2016-06-10,98.529999,99.349998,98.480003,98.830002,31712900,97.373231,AAPL,https://raw.githubusercontent.com/plotly/datasets/master/finance-charts-apple.csv
2016-06-13,98.690002,99.120003,97.099998,97.339996,38020500,95.905188,AAPL,https://raw.githubusercontent.com/plotly/datasets/master/finance-charts-apple.csv
2016-06-14,97.32,98.480003,96.75,97.459999,31931900,96.023422,AAPL,https://raw.githubusercontent.com/plotly/datasets/master/finance-charts-apple.csv
2016-06-15,97.82,98.410004,97.029999,97.139999,29445200,95.708139,AAPL,https://raw.githubusercontent.com/plotly/datasets/master/finance-charts-apple.csv
2016-06-16,96.449997,97.75,96.07,97.550003,31326800,96.1121,AAPL,https://raw.githubusercontent.com/plotly/datasets/master/finance-charts-apple.csv
2016-06-17,96.620003,96.650002,95.300003,95.330002,61008200,93.924821,AAPL,https://raw.githubusercontent.com/plotly/datasets/master/finance-charts-apple.csv
2016-06-20,96.0,96.57,95.029999,95.099998,34411900,93.698208,AAPL,https://raw.githubusercontent.com/plotly/datasets/master/finance-charts-apple.csv
2016-06-21,94.940002,96.349998,94.68,95.910004,35546400,94.496274,AAPL,https://raw.githubusercontent.com/plotly/datasets/master/finance-charts-apple.csv
2016-06-22,96.25,96.889999,95.349998,95.550003,29219100,94.14158,AAPL,https://raw.githubusercontent.com/plotly/datasets/master/finance-charts-apple.csv
2016-06-23,95.940002,96.290001,95.25,96.099998,32240200,94.683468,AAPL,https://raw.githubusercontent.com/plotly/datasets/master/finance-charts-apple.csv
2016-06-24,92.910004,94.660004,92.650002,93.400002,75311400,92.02327,AAPL,https://raw.githubusercontent.com/plotly/datasets/master/finance-charts-apple.csv
2016-06-27,93.0,93.050003,91.5,92.040001,45489600,90.683316,AAPL,https://raw.githubusercontent.com/plotly/datasets/master/finance-charts-apple.csv
2016-06-28,92.900002,93.660004,92.139999,93.589996,40444900,92.210464,AAPL,https://raw.githubusercontent.com/plotly/datasets/master/finance-charts-apple.csv
2016-06-29,93.970001,94.550003,93.629997,94.400002,36531000,93.00853,AAPL,https://raw.githubusercontent.com/plotly/datasets/master/finance-charts-apple.csv
2016-06-30,94.440002,95.769997,94.300003,95.599998,35836400,94.190838,AAPL,https://raw.githubusercontent.com/plotly/datasets/master/finance-charts-apple.csv
2016-07-01,95.489998,96.470001,95.330002,95.889999,26026500,94.476565,AAPL,https://raw.githubusercontent.com/plotly/datasets/master/finance-charts-apple.csv
2016-07-05,95.389999,95.400002,94.459999,94.989998,27705200,93.589829,AAPL,https://raw.githubusercontent.com/plotly/datasets/master/finance-charts-apple.csv
2016-07-06,94.599998,95.660004,94.370003,95.529999,30949100,94.12187,AAPL,https://raw.githubusercontent.com/plotly/datasets/master/finance-charts-apple.csv
2016-07-07,95.699997,96.5,95.620003,95.940002,25139600,94.525831,AAPL,https://raw.githubusercontent.com/plotly/datasets/master/finance-charts-apple.csv
2016-07-08,96.489998,96.889999,96.050003,96.68,28912100,95.254921,AAPL,https://raw.githubusercontent.com/plotly/datasets/master/finance-charts-apple.csv
2016-07-11,96.75,97.650002,96.730003,96.980003,23794900,95.550502,AAPL,https://raw.githubusercontent.com/plotly/datasets/master/finance-charts-apple.csv
2016-07-12,97.169998,97.699997,97.120003,97.419998,24167500,95.984011,AAPL,https://raw.githubusercontent.com/plotly/datasets/master/finance-charts-apple.csv
2016-07-13,97.410004,97.669998,96.839996,96.870003,25892200,95.442123,AAPL,https://raw.githubusercontent.com/plotly/datasets/master/finance-charts-apple.csv
2016-07-14,97.389999,98.989998,97.32,98.790001,38919000,97.33382,AAPL,https://raw.githubusercontent.com/plotly/datasets/master/finance-charts-apple.csv
2016-07-15,98.919998,99.300003,98.5,98.779999,30137000,97.323965,AAPL,https://raw.githubusercontent.com/plotly/datasets/master/finance-charts-apple.csv
2016-07-18,98.699997,100.129997,98.599998,99.830002,36493900,98.358491,AAPL,https://raw.githubusercontent.com/plotly/datasets/master/finance-charts-apple.csv
2016-07-19,99.559998,100.0,99.339996,99.870003,23779900,98.397902,AAPL,https://raw.githubusercontent.com/plotly/datasets/master/finance-charts-apple.csv
2016-07-20,100.0,100.459999,99.739998,99.959999,26276000,98.486572,AAPL,https://raw.githubusercontent.com/plotly/datasets/master/finance-charts-apple.csv
2016-07-21,99.830002,101.0,99.129997,99.43,32702000,97.964385,AAPL,https://raw.githubusercontent.com/plotly/datasets/master/finance-charts-apple.csv
2016-07-22,99.260002,99.300003,98.309998,98.660004,28313700,97.205739,AAPL,https://raw.githubusercontent.com/plotly/datasets/master/finance-charts-apple.csv
2016-07-25,98.25,98.839996,96.919998,97.339996,40382900,95.905188,AAPL,https://raw.githubusercontent.com/plotly/datasets/master/finance-charts-apple.csv
2016-07-26,96.82,97.970001,96.419998,96.669998,56239800,95.245066,AAPL,https://raw.githubusercontent.com/plotly/datasets/master/finance-charts-apple.csv
2016-07-27,104.269997,104.349998,102.75,102.949997,92344800,101.432497,AAPL,https://raw.githubusercontent.com/plotly/datasets/master/finance-charts-apple.csv
2016-07-28,102.830002,104.449997,102.82,104.339996,39869800,102.802007,AAPL,https://raw.githubusercontent.com/plotly/datasets/master/finance-charts-apple.csv
2016-07-29,104.190002,104.550003,103.68,104.209999,27733700,102.673926,AAPL,https://raw.githubusercontent.com/plotly/datasets/master/finance-charts-apple.csv
2016-08-01,104.410004,106.150002,104.410004,106.050003,38167900,104.486808,AAPL,https://raw.githubusercontent.com/plotly/datasets/master/finance-charts-apple.csv
2016-08-02,106.050003,106.07,104.0,104.480003,33816600,102.93995,AAPL,https://raw.githubusercontent.com/plotly/datasets/master/finance-charts-apple.csv
2016-08-03,104.809998,105.839996,104.769997,105.790001,30202600,104.230638,AAPL,https://raw.githubusercontent.com/plotly/datasets/master/finance-charts-apple.csv
2016-08-04,105.580002,106.0,105.279999,105.870003,27408700,104.874527,AAPL,https://raw.githubusercontent.com/plotly/datasets/master/finance-charts-apple.csv
2016-08-05,106.269997,107.650002,106.18,107.480003,40553400,106.469389,AAPL,https://raw.githubusercontent.com/plotly/datasets/master/finance-charts-apple.csv
2016-08-08,107.519997,108.370003,107.160004,108.370003,28037200,107.35102,AAPL,https://raw.githubusercontent.com/plotly/datasets/master/finance-charts-apple.csv
2016-08-09,108.230003,108.940002,108.010002,108.809998,26315200,107.786878,AAPL,https://raw.githubusercontent.com/plotly/datasets/master/finance-charts-apple.csv
2016-08-10,108.709999,108.900002,107.760002,108.0,24008500,106.984496,AAPL,https://raw.githubusercontent.com/plotly/datasets/master/finance-charts-apple.csv
2016-08-11,108.519997,108.93,107.849998,107.93,27484500,106.915155,AAPL,https://raw.githubusercontent.com/plotly/datasets/master/finance-charts-apple.csv
2016-08-12,107.779999,108.440002,107.779999,108.18,18660400,107.162804,AAPL,https://raw.githubusercontent.com/plotly/datasets/master/finance-charts-apple.csv
2016-08-15,108.139999,109.540001,108.080002,109.480003,25868200,108.450584,AAPL,https://raw.githubusercontent.com/plotly/datasets/master/finance-charts-apple.csv
2016-08-16,109.629997,110.230003,109.209999,109.379997,33794400,108.351518,AAPL,https://raw.githubusercontent.com/plotly/datasets/master/finance-charts-apple.csv
2016-08-17,109.099998,109.370003,108.339996,109.220001,25356000,108.193026,AAPL,https://raw.githubusercontent.com/plotly/datasets/master/finance-charts-apple.csv
2016-08-18,109.230003,109.599998,109.019997,109.080002,21984700,108.054343,AAPL,https://raw.githubusercontent.com/plotly/datasets/master/finance-charts-apple.csv
2016-08-19,108.769997,109.690002,108.360001,109.360001,25368100,108.331709,AAPL,https://raw.githubusercontent.com/plotly/datasets/master/finance-charts-apple.csv
2016-08-22,108.860001,109.099998,107.849998,108.510002,25820200,107.489703,AAPL,https://raw.githubusercontent.com/plotly/datasets/master/finance-charts-apple.csv
2016-08-23,108.589996,109.32,108.529999,108.849998,21257700,107.826502,AAPL,https://raw.githubusercontent.com/plotly/datasets/master/finance-charts-apple.csv
2016-08-24,108.57,108.75,107.68,108.029999,23675100,107.014213,AAPL,https://raw.githubusercontent.com/plotly/datasets/master/finance-charts-apple.csv
2016-08-25,107.389999,107.879997,106.68,107.57,25086200,106.558539,AAPL,https://raw.githubusercontent.com/plotly/datasets/master/finance-charts-apple.csv
2016-08-26,107.410004,107.949997,106.309998,106.940002,27766300,105.934466,AAPL,https://raw.githubusercontent.com/plotly/datasets/master/finance-charts-apple.csv
2016-08-29,106.620003,107.440002,106.290001,106.82,24970300,105.815591,AAPL,https://raw.githubusercontent.com/plotly/datasets/master/finance-charts-apple.csv
2016-08-30,105.800003,106.5,105.5,106.0,24863900,105.003302,AAPL,https://raw.githubusercontent.com/plotly/datasets/master/finance-charts-apple.csv
2016-08-31,105.660004,106.57,105.639999,106.099998,29662400,105.10236,AAPL,https://raw.githubusercontent.com/plotly/datasets/master/finance-charts-apple.csv
2016-09-01,106.139999,106.800003,105.620003,106.730003,26701500,105.726441,AAPL,https://raw.githubusercontent.com/plotly/datasets/master/finance-charts-apple.csv
2016-09-02,107.699997,108.0,106.82,107.730003,26802500,106.717038,AAPL,https://raw.githubusercontent.com/plotly/datasets/master/finance-charts-apple.csv
2016-09-06,107.900002,108.300003,107.510002,107.699997,26880400,106.687314,AAPL,https://raw.githubusercontent.com/plotly/datasets/master/finance-charts-apple.csv
2016-09-07,107.830002,108.760002,107.07,108.360001,42364300,107.341112,AAPL,https://raw.githubusercontent.com/plotly/datasets/master/finance-charts-apple.csv
2016-09-08,107.25,107.269997,105.239998,105.519997,53002000,104.527812,AAPL,https://raw.githubusercontent.com/plotly/datasets/master/finance-charts-apple.csv
2016-09-09,104.639999,105.720001,103.129997,103.129997,46557000,102.160285,AAPL,https://raw.githubusercontent.com/plotly/datasets/master/finance-charts-apple.csv
2016-09-12,102.650002,105.720001,102.529999,105.440002,45292800,104.44857,AAPL,https://raw.githubusercontent.com/plotly/datasets/master/finance-charts-apple.csv
2016-09-13,107.510002,108.790001,107.239998,107.949997,62176200,106.934963,AAPL,https://raw.githubusercontent.com/plotly/datasets/master/finance-charts-apple.csv
2016-09-14,108.730003,113.029999,108.599998,111.769997,110888700,110.719044,AAPL,https://raw.githubusercontent.com/plotly/datasets/master/finance-charts-apple.csv
2016-09-15,113.860001,115.730003,113.489998,115.57,89983600,114.483317,AAPL,https://raw.githubusercontent.com/plotly/datasets/master/finance-charts-apple.csv
2016-09-16,115.120003,116.129997,114.040001,114.919998,79886900,113.839427,AAPL,https://raw.githubusercontent.com/plotly/datasets/master/finance-charts-apple.csv
2016-09-19,115.190002,116.18,113.25,113.580002,47023000,112.51203,AAPL,https://raw.githubusercontent.com/plotly/datasets/master/finance-charts-apple.csv
2016-09-20,113.050003,114.120003,112.510002,113.57,34514300,112.502122,AAPL,https://raw.githubusercontent.com/plotly/datasets/master/finance-charts-apple.csv
2016-09-21,113.849998,113.989998,112.440002,113.550003,36003200,112.482314,AAPL,https://raw.githubusercontent.com/plotly/datasets/master/finance-charts-apple.csv
2016-09-22,114.349998,114.940002,114.0,114.620003,31074000,113.542252,AAPL,https://raw.githubusercontent.com/plotly/datasets/master/finance-charts-apple.csv
2016-09-23,114.419998,114.790001,111.550003,112.709999,52481200,111.650208,AAPL,https://raw.githubusercontent.com/plotly/datasets/master/finance-charts-apple.csv
2016-09-26,111.639999,113.389999,111.550003,112.879997,29869400,111.818608,AAPL,https://raw.githubusercontent.com/plotly/datasets/master/finance-charts-apple.csv
2016-09-27,113.0,113.18,112.339996,113.089996,24607400,112.026632,AAPL,https://raw.githubusercontent.com/plotly/datasets/master/finance-charts-apple.csv
2016-09-28,113.690002,114.639999,113.43,113.949997,29641100,112.878547,AAPL,https://raw.githubusercontent.com/plotly/datasets/master/finance-charts-apple.csv
2016-09-29,113.160004,113.800003,111.800003,112.18,35887000,111.125193,AAPL,https://raw.githubusercontent.com/plotly/datasets/master/finance-charts-apple.csv
2016-09-30,112.459999,113.370003,111.800003,113.050003,36379100,111.987015,AAPL,https://raw.githubusercontent.com/plotly/datasets/master/finance-charts-apple.csv
2016-10-03,112.709999,113.050003,112.279999,112.519997,21701800,111.461992,AAPL,https://raw.githubusercontent.com/plotly/datasets/master/finance-charts-apple.csv
2016-10-04,113.059998,114.309998,112.629997,113.0,29736800,111.937482,AAPL,https://raw.githubusercontent.com/plotly/datasets/master/finance-charts-apple.csv
2016-10-05,113.400002,113.660004,112.690002,113.050003,21453100,111.987015,AAPL,https://raw.githubusercontent.com/plotly/datasets/master/finance-charts-apple.csv
2016-10-06,113.699997,114.339996,113.129997,113.889999,28779300,112.819113,AAPL,https://raw.githubusercontent.com/plotly/datasets/master/finance-charts-apple.csv
2016-10-07,114.309998,114.559998,113.510002,114.059998,24358400,112.987513,AAPL,https://raw.githubusercontent.com/plotly/datasets/master/finance-charts-apple.csv
2016-10-10,115.019997,116.75,114.720001,116.050003,36236000,114.958807,AAPL,https://raw.githubusercontent.com/plotly/datasets/master/finance-charts-apple.csv
2016-10-11,117.699997,118.690002,116.199997,116.300003,64041000,115.206456,AAPL,https://raw.githubusercontent.com/plotly/datasets/master/finance-charts-apple.csv
2016-10-12,117.349998,117.980003,116.75,117.339996,37586800,116.23667,AAPL,https://raw.githubusercontent.com/plotly/datasets/master/finance-charts-apple.csv
2016-10-13,116.790001,117.440002,115.720001,116.980003,35192400,115.880062,AAPL,https://raw.githubusercontent.com/plotly/datasets/master/finance-charts-apple.csv
2016-10-14,117.879997,118.169998,117.129997,117.629997,35652200,116.523945,AAPL,https://raw.githubusercontent.com/plotly/datasets/master/finance-charts-apple.csv
2016-10-17,117.330002,117.839996,116.779999,117.550003,23624900,116.444703,AAPL,https://raw.githubusercontent.com/plotly/datasets/master/finance-charts-apple.csv
2016-10-18,118.18,118.209999,117.449997,117.470001,24553500,116.365453,AAPL,https://raw.githubusercontent.com/plotly/datasets/master/finance-charts-apple.csv
2016-10-19,117.25,117.760002,113.800003,117.120003,20034600,116.018745,AAPL,https://raw.githubusercontent.com/plotly/datasets/master/finance-charts-apple.csv
2016-10-20,116.860001,117.379997,116.330002,117.059998,24125800,115.959304,AAPL,https://raw.githubusercontent.com/plotly/datasets/master/finance-charts-apple.csv
2016-10-21,116.809998,116.910004,116.279999,116.599998,23192700,115.503631,AAPL,https://raw.githubusercontent.com/plotly/datasets/master/finance-charts-apple.csv
2016-10-24,117.099998,117.739998,117.0,117.650002,23538700,116.543761,AAPL,https://raw.githubusercontent.com/plotly/datasets/master/finance-charts-apple.csv
2016-10-25,117.949997,118.360001,117.309998,118.25,48129000,117.138118,AAPL,https://raw.githubusercontent.com/plotly/datasets/master/finance-charts-apple.csv
2016-10-26,114.309998,115.699997,113.309998,115.589996,66134200,114.503125,AAPL,https://raw.githubusercontent.com/plotly/datasets/master/finance-charts-apple.csv
2016-10-27,115.389999,115.860001,114.099998,114.480003,34562000,113.403569,AAPL,https://raw.githubusercontent.com/plotly/datasets/master/finance-charts-apple.csv
2016-10-28,113.870003,115.209999,113.449997,113.720001,37861700,112.650713,AAPL,https://raw.githubusercontent.com/plotly/datasets/master/finance-charts-apple.csv
2016-10-31,113.650002,114.230003,113.199997,113.540001,26419400,112.472406,AAPL,https://raw.githubusercontent.com/plotly/datasets/master/finance-charts-apple.csv
2016-11-01,113.459999,113.769997,110.529999,111.489998,43825800,110.441678,AAPL,https://raw.githubusercontent.com/plotly/datasets/master/finance-charts-apple.csv
2016-11-02,111.400002,112.349998,111.230003,111.589996,28331700,110.540737,AAPL,https://raw.githubusercontent.com/plotly/datasets/master/finance-charts-apple.csv
2016-11-03,110.980003,111.459999,109.550003,109.830002,26932600,109.35588,AAPL,https://raw.githubusercontent.com/plotly/datasets/master/finance-charts-apple.csv
2016-11-04,108.529999,110.25,108.110001,108.839996,30837000,108.370149,AAPL,https://raw.githubusercontent.com/plotly/datasets/master/finance-charts-apple.csv
2016-11-07,110.080002,110.510002,109.459999,110.410004,32560000,109.933378,AAPL,https://raw.githubusercontent.com/plotly/datasets/master/finance-charts-apple.csv
2016-11-08,110.309998,111.720001,109.699997,111.059998,24054500,110.580566,AAPL,https://raw.githubusercontent.com/plotly/datasets/master/finance-charts-apple.csv
2016-11-09,109.879997,111.32,108.050003,110.879997,59176400,110.401343,AAPL,https://raw.githubusercontent.com/plotly/datasets/master/finance-charts-apple.csv
2016-11-10,111.089996,111.089996,105.830002,107.790001,57134500,107.324686,AAPL,https://raw.githubusercontent.com/plotly/datasets/master/finance-charts-apple.csv
2016-11-11,107.120003,108.870003,106.550003,108.43,34143900,107.961922,AAPL,https://raw.githubusercontent.com/plotly/datasets/master/finance-charts-apple.csv
2016-11-14,107.709999,107.809998,104.080002,105.709999,51175500,105.253663,AAPL,https://raw.githubusercontent.com/plotly/datasets/master/finance-charts-apple.csv
2016-11-15,106.57,107.68,106.160004,107.110001,32264500,106.647621,AAPL,https://raw.githubusercontent.com/plotly/datasets/master/finance-charts-apple.csv
2016-11-16,106.699997,110.230003,106.599998,109.989998,58840500,109.515186,AAPL,https://raw.githubusercontent.com/plotly/datasets/master/finance-charts-apple.csv
2016-11-17,109.809998,110.349998,108.830002,109.949997,27632000,109.475358,AAPL,https://raw.githubusercontent.com/plotly/datasets/master/finance-charts-apple.csv
2016-11-18,109.720001,110.540001,109.660004,110.059998,28428900,109.584883,AAPL,https://raw.githubusercontent.com/plotly/datasets/master/finance-charts-apple.csv
2016-11-21,110.120003,111.989998,110.010002,111.730003,29264600,111.24768,AAPL,https://raw.githubusercontent.com/plotly/datasets/master/finance-charts-apple.csv
2016-11-22,111.949997,112.419998,111.400002,111.800003,25965500,111.317377,AAPL,https://raw.githubusercontent.com/plotly/datasets/master/finance-charts-apple.csv
2016-11-23,111.360001,111.510002,110.330002,111.230003,27426400,110.749838,AAPL,https://raw.githubusercontent.com/plotly/datasets/master/finance-charts-apple.csv
2016-11-25,111.129997,111.870003,110.949997,111.790001,11475900,111.307418,AAPL,https://raw.githubusercontent.com/plotly/datasets/master/finance-charts-apple.csv
2016-11-28,111.43,112.470001,111.389999,111.57,27194000,111.088367,AAPL,https://raw.githubusercontent.com/plotly/datasets/master/finance-charts-apple.csv
2016-11-29,110.779999,112.029999,110.07,111.459999,28528800,110.978841,AAPL,https://raw.githubusercontent.com/plotly/datasets/master/finance-charts-apple.csv
2016-11-30,111.599998,112.199997,110.269997,110.519997,36162300,110.042897,AAPL,https://raw.githubusercontent.com/plotly/datasets/master/finance-charts-apple.csv
2016-12-01,110.370003,110.940002,109.029999,109.489998,37086900,109.017344,AAPL,https://raw.githubusercontent.com/plotly/datasets/master/finance-charts-apple.csv
2016-12-02,109.169998,110.089996,108.849998,109.900002,26528000,109.425578,AAPL,https://raw.githubusercontent.com/plotly/datasets/master/finance-charts-apple.csv
2016-12-05,110.0,110.029999,108.25,109.110001,34324500,108.638987,AAPL,https://raw.githubusercontent.com/plotly/datasets/master/finance-charts-apple.csv
2016-12-06,109.5,110.360001,109.190002,109.949997,26195500,109.475358,AAPL,https://raw.githubusercontent.com/plotly/datasets/master/finance-charts-apple.csv
2016-12-07,109.260002,111.190002,109.160004,111.029999,29998700,110.550697,AAPL,https://raw.githubusercontent.com/plotly/datasets/master/finance-charts-apple.csv
2016-12-08,110.860001,112.43,110.599998,112.120003,27068300,111.635996,AAPL,https://raw.githubusercontent.com/plotly/datasets/master/finance-charts-apple.csv
2016-12-09,112.309998,114.699997,112.309998,113.949997,34402600,113.45809,AAPL,https://raw.githubusercontent.com/plotly/datasets/master/finance-charts-apple.csv
2016-12-12,113.290001,115.0,112.489998,113.300003,26374400,112.810902,AAPL,https://raw.githubusercontent.com/plotly/datasets/master/finance-charts-apple.csv
2016-12-13,113.839996,115.919998,113.75,115.190002,43733800,114.692743,AAPL,https://raw.githubusercontent.com/plotly/datasets/master/finance-charts-apple.csv
2016-12-14,115.040001,116.199997,114.980003,115.190002,34031800,114.692743,AAPL,https://raw.githubusercontent.com/plotly/datasets/master/finance-charts-apple.csv
2016-12-15,115.379997,116.730003,115.230003,115.82,46524500,115.32002,AAPL,https://raw.githubusercontent.com/plotly/datasets/master/finance-charts-apple.csv
2016-12-16,116.470001,116.5,115.650002,115.970001,44351100,115.469374,AAPL,https://raw.githubusercontent.com/plotly/datasets/master/finance-charts-apple.csv
2016-12-19,115.800003,117.379997,115.75,116.639999,27779400,116.13648,AAPL,https://raw.githubusercontent.com/plotly/datasets/master/finance-charts-apple.csv
2016-12-20,116.739998,117.5,116.68,116.949997,21425000,116.445139,AAPL,https://raw.githubusercontent.com/plotly/datasets/master/finance-charts-apple.csv
2016-12-21,116.800003,117.400002,116.779999,117.059998,23783200,116.554665,AAPL,https://raw.githubusercontent.com/plotly/datasets/master/finance-charts-apple.csv
2016-12-22,116.349998,116.510002,115.639999,116.290001,26085900,115.787993,AAPL,https://raw.githubusercontent.com/plotly/datasets/master/finance-charts-apple.csv
2016-12-23,115.589996,116.519997,115.589996,116.519997,14249500,116.016995,AAPL,https://raw.githubusercontent.com/plotly/datasets/master/finance-charts-apple.csv
2016-12-27,116.519997,117.800003,116.489998,117.260002,18296900,116.753806,AAPL,https://raw.githubusercontent.com/plotly/datasets/master/finance-charts-apple.csv
2016-12-28,117.519997,118.019997,116.199997,116.760002,20905900,116.255965,AAPL,https://raw.githubusercontent.com/plotly/datasets/master/finance-charts-apple.csv
2016-12-29,116.449997,117.110001,116.400002,116.730003,15039500,116.226096,AAPL,https://raw.githubusercontent.com/plotly/datasets/master/finance-charts-apple.csv
2016-12-30,116.650002,117.199997,115.43,115.82,30586300,115.32002,AAPL,https://raw.githubusercontent.com/plotly/datasets/master/finance-charts-apple.csv
2017-01-03,115.800003,116.330002,114.760002,116.150002,28781900,115.648597,AAPL,https://raw.githubusercontent.com/plotly/datasets/master/finance-charts-apple.csv
2017-01-04,115.849998,116.510002,115.75,116.019997,21118100,115.519154,AAPL,https://raw.githubusercontent.com/plotly/datasets/master/finance-charts-apple.csv
2017-01-05,115.919998,116.860001,115.809998,116.610001,22193600,116.106611,AAPL,https://raw.githubusercontent.com/plotly/datasets/master/finance-charts-apple.csv
2017-01-06,116.779999,118.160004,116.470001,117.910004,31751900,117.401002,AAPL,https://raw.githubusercontent.com/plotly/datasets/master/finance-charts-apple.csv
2017-01-09,117.949997,119.43,117.940002,118.989998,33387600,118.476334,AAPL,https://raw.githubusercontent.com/plotly/datasets/master/finance-charts-apple.csv
2017-01-10,118.769997,119.379997,118.300003,119.110001,24462100,118.595819,AAPL,https://raw.githubusercontent.com/plotly/datasets/master/finance-charts-apple.csv
2017-01-11,118.739998,119.93,118.599998,119.75,27588600,119.233055,AAPL,https://raw.githubusercontent.com/plotly/datasets/master/finance-charts-apple.csv
2017-01-12,118.900002,119.300003,118.209999,119.25,27086200,118.735214,AAPL,https://raw.githubusercontent.com/plotly/datasets/master/finance-charts-apple.csv
2017-01-13,119.110001,119.620003,118.809998,119.040001,26111900,118.526121,AAPL,https://raw.githubusercontent.com/plotly/datasets/master/finance-charts-apple.csv
2017-01-17,118.339996,120.239998,118.220001,120.0,34439800,119.481976,AAPL,https://raw.githubusercontent.com/plotly/datasets/master/finance-charts-apple.csv
2017-01-18,120.0,120.5,119.709999,119.989998,23713000,119.472017,AAPL,https://raw.githubusercontent.com/plotly/datasets/master/finance-charts-apple.csv
2017-01-19,119.400002,120.089996,119.370003,119.779999,25597300,119.262925,AAPL,https://raw.githubusercontent.com/plotly/datasets/master/finance-charts-apple.csv
2017-01-20,120.449997,120.449997,119.730003,120.0,32597900,119.481976,AAPL,https://raw.githubusercontent.com/plotly/datasets/master/finance-charts-apple.csv
2017-01-23,120.0,120.809998,119.769997,120.080002,22050200,119.561633,AAPL,https://raw.githubusercontent.com/plotly/datasets/master/finance-charts-apple.csv
2017-01-24,119.550003,120.099998,119.5,119.970001,23211000,119.452107,AAPL,https://raw.githubusercontent.com/plotly/datasets/master/finance-charts-apple.csv
2017-01-25,120.419998,122.099998,120.279999,121.879997,32377600,121.353858,AAPL,https://raw.githubusercontent.com/plotly/datasets/master/finance-charts-apple.csv
2017-01-26,121.669998,122.440002,121.599998,121.940002,26337600,121.413604,AAPL,https://raw.githubusercontent.com/plotly/datasets/master/finance-charts-apple.csv
2017-01-27,122.139999,122.349998,121.599998,121.949997,20562900,121.423555,AAPL,https://raw.githubusercontent.com/plotly/datasets/master/finance-charts-apple.csv
2017-01-30,120.93,121.629997,120.660004,121.629997,30377500,121.104937,AAPL,https://raw.githubusercontent.com/plotly/datasets/master/finance-charts-apple.csv
2017-01-31,121.150002,121.389999,120.620003,121.349998,49201000,120.826147,AAPL,https://raw.githubusercontent.com/plotly/datasets/master/finance-charts-apple.csv
2017-02-01,127.029999,130.490005,127.010002,128.75,111985000,128.194203,AAPL,https://raw.githubusercontent.com/plotly/datasets/master/finance-charts-apple.csv
2017-02-02,127.980003,129.389999,127.779999,128.529999,33710400,127.975152,AAPL,https://raw.githubusercontent.com/plotly/datasets/master/finance-charts-apple.csv
2017-02-03,128.309998,129.190002,128.160004,129.080002,24507300,128.522781,AAPL,https://raw.githubusercontent.com/plotly/datasets/master/finance-charts-apple.csv
2017-02-06,129.130005,130.5,128.899994,130.289993,26845900,129.727549,AAPL,https://raw.githubusercontent.com/plotly/datasets/master/finance-charts-apple.csv
2017-02-07,130.539993,132.089996,130.449997,131.529999,38183800,130.962201,AAPL,https://raw.githubusercontent.com/plotly/datasets/master/finance-charts-apple.csv
2017-02-08,131.350006,132.220001,131.220001,132.039993,23004100,131.469994,AAPL,https://raw.githubusercontent.com/plotly/datasets/master/finance-charts-apple.csv
2017-02-09,131.649994,132.449997,131.119995,132.419998,28349900,132.419998,AAPL,https://raw.githubusercontent.com/plotly/datasets/master/finance-charts-apple.csv
2017-02-10,132.460007,132.940002,132.050003,132.119995,20065500,132.119995,AAPL,https://raw.githubusercontent.com/plotly/datasets/master/finance-charts-apple.csv
2017-02-13,133.080002,133.820007,132.75,133.289993,23035400,133.289993,AAPL,https://raw.githubusercontent.com/plotly/datasets/master/finance-charts-apple.csv
2017-02-14,133.470001,135.089996,133.25,135.020004,32815500,135.020004,AAPL,https://raw.githubusercontent.com/plotly/datasets/master/finance-charts-apple.csv
2017-02-15,135.520004,136.270004,134.619995,135.509995,35501600,135.509995,AAPL,https://raw.githubusercontent.com/plotly/datasets/master/finance-charts-apple.csv
2017-02-16,135.669998,135.899994,134.839996,135.350006,22118000,135.350006,AAPL,https://raw.githubusercontent.com/plotly/datasets/master/finance-charts-apple.csv
